{
  "ঢাকা": [
    "ঢাকা", "গাজীপুর", "নারায়ণগঞ্জ", "মানিকগঞ্জ",
    "মুন্সিগঞ্জ", "নরসিংদী", "টাঙ্গাইল", "কিশোরগঞ্জ",
    "মাদারীপুর", "রাজবাড়ী", "শরীয়তপুর", "গোপালগঞ্জ", "ফরিদপুর"
  ],
  "চট্টগ্রাম": [
    "চট্টগ্রাম", "কক্সবাজার", "কুমিল্লা", "নোয়াখালী",
    "ফেনী", "লক্ষ্মীপুর", "বান্দরবান", "খাগড়াছড়ি",
    "রাঙ্গামাটি", "ব্রাহ্মণবাড়িয়া", "চাঁদপুর"
  ],
  "রাজশাহী": [
    "রাজশাহী", "নাটোর", "নওগাঁ", "চাঁপাইনবাবগঞ্জ",
    "পাবনা", "সিরাজগঞ্জ", "বগুড়া", "জয়পুরহাট"
  ],
  "খুলনা": [
    "খুলনা", "যশোর", "সাতক্ষীরা", "বাগেরহাট",
    "নড়াইল", "মাগুরা", "ঝিনাইদহ", "কুষ্টিয়া",
    "চুয়াডাঙ্গা", "মেহেরপুর"
  ],
  "বরিশাল": [
    "বরিশাল", "ভোলা", "পটুয়াখালী", "পিরোজপুর",
    "ঝালকাঠি", "বরগুনা"
  ],
  "সিলেট": [
    "সিলেট", "মৌলভীবাজার", "হবিগঞ্জ", "সুনামগঞ্জ"
  ],
  "রংপুর": [
    "রংপুর", "দিনাজপুর", "কুড়িগ্রাম", "গাইবান্ধা",
    "লালমনিরহাট", "নীলফামারী", "পঞ্চগড়", "ঠাকুরগাঁও"
  ],
  "ময়মনসিংহ": [
    "ময়মনসিংহ", "জামালপুর", "শেরপুর", "নেত্রকোনা"
  ]
}
